Player ID,Player Name,pScore,Maps Played
12452131,gaesol,1.0555454775069735,12/12
10344857,Naaaad,1.017436774185563,24/24
8581031,Poca,0.9661999475632612,12/12
