Player ID,Player Name,pScore,Maps Played
16277321,nyasun,1.9136042540202205,11/11
11313227,Quotient,1.5939176998030293,11/11
10333739,[Crz]sunnyxxy,1.2007482895293753,19/19
10702235,[Crz]Caicium,0.9497789101960737,20/20
13026904,tyrcs,0.8568063155595232,7/7
10884561,Mafufu,0.09477674705524677,8/8
