Player ID,Player Name,pScore,Maps Played
7727987,Neokje,1.3741952125530355,8/8
14892447,JayLye,1.0143212288635288,13/13
9452591,SoRaKee,0.10634850365106123,5/5
