Player ID,Player Name,pScore,Maps Played
22725724,magnifestio,1.519890057293451,15/15
14009758,TriDoanGaming,1.266939210830735,7/7
18043326,Joki_,0.9301520161436312,8/8
