Player ID,Player Name,pScore,Maps Played
12689667,[Albert],1.5067487791402057,16/16
10540515,RetroEX,0.9896057985808022,7/7
8410575,Proxae,0.9744888807020744,9/9
8677684,Onta_Bekasi,0.9415066936169344,7/7
12143152,XronialXero,0.4524171563141285,7/7
