Player ID,Player Name,pScore,Maps Played
8534840,DawnX,1.3250456165682136,12/12
11734610,Nepijin,1.2677436036267236,10/11
13385865,Reyi,1.0825979870750189,23/23
12046267,--Pavin--,1.046618310382851,12/12
16407268,_dev_,1.0378314275733198,12/23
15926730,PeachMarrow,0.9529041510312963,5/11
18309106,rezored,0.7714093091052733,11/23
17753122,invadey,0.6557026793015046,6/11
11817838,Brisket Bacon,0.47937124972333345,1/11
