Player ID,Player Name,pScore,Maps Played
18271627,grillroasted,1.222489897239162,28/28
15665805,konkawe,1.0195580024778244,9/10
14066511,nyasunfanboy,0.9745562448140729,26/26
27552902,[GB]ParasolTree,0.921503860035901,35/36
12046267,--Pavin--,0.9140360772635869,18/18
23890527,[Crz]ChenXi,0.6977925998099213,10/10
