Player ID,Player Name,pScore,Maps Played
15665805,konkawe,1.3418441505048488,6/8
2071008,yz1155,1.1620719235698405,6/8
14892447,JayLye,0.9556470636882554,3/8
3760209,Tosai_,0.5065093112780816,3/8
