Player ID,Player Name,pScore,Maps Played
16277321,nyasun,3.9384291322418776,11/11
13026904,tyrcs,1.173468869043318,22/22
23248427,-Veloce-,0.6520461883811953,11/11
