Player ID,Player Name,pScore,Maps Played
12689667,[Albert],3.2360266916896356,21/21
8677684,Onta_Bekasi,0.637279900495518,6/6
10540515,RetroEX,0.2524890390600582,15/15
