Player ID,Player Name,pScore,Maps Played
25588443,Banned or Unavailable,1.4970894771689844,10/10
10745260,jhleetgirl,1.3869987200421614,10/10
31755778,shir0kuma,1.0944032606182188,23/23
28571440,[Crz]yomogi237,0.9946806440345959,23/23
31146692,Na2303,0.9364088478130081,11/11
16608860,yoshyap,0.6533869016096099,11/11
