Player ID,Player Name,pScore,Maps Played
4084853,xxxxxx2800,2.2382782274535775,7/7
14892447,JayLye,1.3689007174122492,17/17
3760209,Tosai_,0.5456933838123071,10/10
