Player ID,Player Name,pScore,Maps Played
2071008,yz1155,1.2655170637151443,13/13
16505281,Buschan,1.0697046847646907,6/6
17494164,ggeexx1,1.002929586024997,5/5
26140861,Scitra,0.9519369289152274,16/16
1020304,NKZoyDkKalBoJun,0.8498158147125796,6/6
18278945,PocaFangirl,0.8177058869645262,8/8
