Player ID,Player Name,pScore,Maps Played
10072733,myucchii,1.24784288744648,7/7
11734610,Nepijin,1.2060294242375178,5/7
18309106,rezored,1.1847350205349971,7/7
8581031,Poca,0.9237956923970114,4/7
12689667,[Albert],0.8685293121174487,7/7
11817838,Brisket Bacon,0.8411368246116675,2/7
8677684,Onta_Bekasi,0.7415431609120291,4/7
7794488,Reshiram,0.7393627408834098,3/7
21446926,Fier,0.3682716359014402,3/7
