Player ID,Player Name,pScore,Maps Played
13821222,Lott,1.090235632520508,9/9
14009758,TriDoanGaming,0.9495151876951345,9/9
