Player ID,Player Name,pScore,Maps Played
14009758,TriDoanGaming,1.4836998118935827,11/11
26233321,[LS]Vixile,1.0257081799041712,21/23
30243406,unluminated520,0.8452330589366828,12/12
