Player ID,Player Name,pScore,Maps Played
18121419,lyvet,1.2938665595590033,12/12
24776314,Plana_,1.1326445924519757,19/19
18560307,Silicosis 2,0.31624992467763563,7/7
