Player ID,Player Name,pScore,Maps Played
31983628,[TCD] Myouri,4.309228951221674,8/9
26135982,Tsunagu,2.5135051097778662,7/7
21292740,Just P,2.4780266707358733,8/8
16005504,RantabFanboy,2.1136898710526744,8/8
26623075,HoanChan,1.6645149606613205,16/16
29268726,JustAnYDudEykNw,1.167911747905334,7/7
11115041,TvS SorAKuN,0.8547350606624272,9/9
16978354,ERA Yuh,0.7515106267298101,9/9
17532748,suppnoob,0.6117514120696907,14/15
27249462,[-Hanabi-],0.33820483708128246,8/8
