Player ID,Player Name,pScore,Maps Played
4084853,xxxxxx2800,1.3478643587859944,7/7
3760209,Tosai_,1.172091060465902,13/13
14892447,JayLye,1.1131464205309676,7/7
21873512,YtAlbin0,0.8333416780554833,6/6
7972439,9919149,0.3520966124839006,7/7
