Player ID,Player Name,pScore,Maps Played
15391485,hsod,4.199130860199434,14/14
9169747,Nathanial,2.0806590746194416,10/10
17494164,ggeexx1,1.4179776820552612,10/10
15513303,Znow,0.6249357284848297,11/11
15555328,Hawkfrost,0.5361925903120343,3/3
28571440,[Crz]yomogi237,0.055884825384066326,6/6
