Player ID,Player Name,pScore,Maps Played
10072733,myucchii,2.9880414138841167,4/8
9169747,Nathanial,1.2807898851411905,5/8
15391485,hsod,1.0156710377324876,13/13
17494164,ggeexx1,0.9218541830848279,21/21
