Player ID,Player Name,pScore,Maps Played
10344857,Naaaad,1.7451425948972197,10/10
17494164,ggeexx1,0.9987961309999738,13/13
26140861,Scitra,0.9516700338117731,23/23
