Player ID,Player Name,pScore,Maps Played
18043326,Joki_,2.4113534318256065,8/8
16055641,Rxizuna,0.93780568173823,19/19
14009758,TriDoanGaming,0.8781995361426731,11/11
