Player ID,Player Name,pScore,Maps Played
12489832,spanner dude,1.0610814203496046,11/11
18121419,lyvet,1.045841948764014,17/17
28098890,parponger,0.7460049975589196,6/6
