Player ID,Player Name,pScore,Maps Played
11313227,Quotient,3.2563177317024192,8/8
10333739,[Crz]sunnyxxy,2.847839461823852,7/7
12942073,Miyes,1.3641969542801564,10/10
13026904,tyrcs,0.9533394663489839,7/7
13235067,MegMewtwoZ,0.5180783243763623,8/8
10395139,Ricizus,0.4060600249217196,10/10
