Player ID,Player Name,pScore,Maps Played
10333739,[Crz]sunnyxxy,3.4565632000543474,21/21
11313227,Quotient,1.0884369528712603,13/13
13235067,MegMewtwoZ,0.052110035168359235,8/8
