Player ID,Player Name,pScore,Maps Played
17668607,[BBC]Senzawa,1.338352796111034,2/3
32151196,[LS]Astal,1.3251155389851916,2/2
25914360,MiniEgg_23,0.9825283195085703,2/3
20834055,_yea,0.8531815164029479,2/2
15772814,Unitori-,0.8028527768675211,1/3
26690747,aero-,0.3184948791393228,1/3
