Player ID,Player Name,pScore,Maps Played
15772814,Unitori-,1.2326085891102871,4/4
32151196,[LS]Astal,0.8669264532824399,2/2
20834055,_yea,0.4241770137153173,2/2
