Player ID,Player Name,pScore,Maps Played
11517895,LivelyPeninsula,1.0664931840491558,8/8
18271627,grillroasted,1.0391317000384892,22/22
11734610,Nepijin,1.0362415593035057,21/21
12046267,--Pavin--,0.9214144171937668,8/8
17699745,_Kiruru,0.9104465840711065,9/9
20051971,vegetagamerbr34,0.8154904720578413,8/8
