Player ID,Player Name,pScore,Maps Played
2071008,yz1155,1.3377762891914768,26/26
16505281,Buschan,0.7908617463094627,19/19
1020304,NKZoyDkKalBoJun,0.5137293196164124,7/7
