Player ID,Player Name,pScore,Maps Played
4477497,cheewee10,3.038011487634065,10/24
4698728,Yeoul,1.9119489879135487,15/24
5610085,EtienneXC,0.809179602081666,7/17
2288341,Pope Gadget,0.5348526287158967,3/7
5156656,Yonk_,0.28476156866535635,4/7
7616811,Toaph Daddy,0.19949820700735765,9/17
