Player ID,Player Name,pScore,Maps Played
10344857,Naaaad,1.3102565672447708,11/11
12046267,--Pavin--,1.1642621672702271,21/21
17668607,[BBC]Senzawa,0.8567133845470754,10/10
