Player ID,Player Name,pScore,Maps Played
31185655,SaltFalt,29.142293253814504,14/14
13975661,lianic,0.6312189111099626,6/7
16018038,frawog,0.2897576698597394,2/7
11649450,ime,0.2400892959338161,4/7
34430543,mandarin0302,0.07303498865726069,1/7
