Player ID,Player Name,pScore,Maps Played
17494164,ggeexx1,2.333375417236416,10/10
18342820,Ancuw,0.7476934712073604,10/10
