Player ID,Player Name,pScore,Maps Played
18271627,grillroasted,1.1037925525548014,9/9
10395139,Ricizus,1.081735030095302,11/11
11313227,Quotient,1.0607919084782396,9/9
13235067,MegMewtwoZ,1.0552418143006639,6/6
12046267,--Pavin--,1.0232557799153457,6/6
13226626,gxrl,0.9292766513312507,5/5
13878539,ERA Veryi,0.842686826459024,6/6
14230684,Fr05tyGD,0.7211817628340754,6/6
17483369,souffle_03,0.5819061569668789,6/6
