Player ID,Player Name,pScore,Maps Played
15665805,konkawe,1.8770610432763701,7/8
2071008,yz1155,1.5901877149727541,7/8
16055641,Rxizuna,1.2312482635596207,15/16
15772814,Unitori-,1.079507911909519,17/19
27762510,-Vixteria-,0.9673149170916369,8/9
15179858,Tonels,0.787742499215053,4/6
14892447,JayLye,0.6807666389728758,1/8
3760209,Tosai_,0.5559252097770916,1/8
21891521,[LS] -Koyume-,0.3739780629070334,2/6
20670028,ReJust,0.0030708716382602218,1/10
8126553,Evirir,9.665657191691793e-08,1/10
