Player ID,Player Name,pScore,Maps Played
13385865,Reyi,2.998365172041357,11/11
18309106,rezored,2.225424612653672,6/11
20051971,vegetagamerbr34,0.8858128532564906,6/11
11517895,LivelyPeninsula,0.8646333605466923,11/11
20496815,4Kenn,0.667621097409234,6/11
12093536,[GS]linc,0.06371627423825268,6/11
