Player ID,Player Name,pScore,Maps Played
28234428,Snowiz,1.1789898095235714,10/10
10493359,_Hyuns,1.1408476526459173,18/18
31975052,leahkim,1.108174361786848,10/10
14058917,DiamondPumpkin,0.9192057600061678,17/17
20296778,BlackCowEdition,0.6771277909848368,8/8
7838610,StartrickS,0.5591475928378297,9/9
