Player ID,Player Name,pScore,Maps Played
28234428,Snowiz,1.0747819149859363,19/19
10493359,_Hyuns,1.0664290303734076,32/32
31975052,leahkim,0.8459450997656487,13/13
