Player ID,Player Name,pScore,Maps Played
3869951,Shirou,1.0879266877510076,4/4
31975052,leahkim,1.0680310850155976,5/5
20296778,BlackCowEdition,1.035216001535415,6/6
12830719,jangwook,1.0059081054524808,7/7
26594580,IseriFanboy,1.003573790040004,8/8
19328562,[MSA] YuriBox,0.9818144674038767,4/4
19676705,TrustMePlease,0.9680212732168272,8/8
20466182,[MSA] Lisa,0.9603950301697431,6/6
27834299,Onirique,0.8814510223515829,7/7
27995062,Lonely0102,0.7127235979173923,5/5
