Player ID,Player Name,pScore,Maps Played
31975052,leahkim,1.193678116649239,8/8
28234428,Snowiz,1.126329966582688,9/9
7838610,StartrickS,0.8702364341082445,9/9
20296778,BlackCowEdition,0.8402511311146994,8/8
