Player ID,Player Name,pScore,Maps Played
18271627,grillroasted,1.160954120291815,8/8
13385865,Reyi,1.1328515239693076,8/8
18309106,rezored,1.0892848813941243,8/8
12689667,[Albert],1.0882068297168936,7/8
17753122,invadey,0.8942820004263041,8/8
28098890,parponger,0.7131057845426466,8/8
8581031,Poca,0.5755595397063394,1/8
