Player ID,Player Name,pScore,Maps Played
11313227,Quotient,1.3091338903817842,33/33
16277321,nyasun,1.094845625803474,25/25
10333739,[Crz]sunnyxxy,0.5488582764930457,8/8
