Player ID,Player Name,pScore,Maps Played
18271627,grillroasted,1.137971791967218,20/20
11517895,LivelyPeninsula,1.0071925403027393,13/13
20051971,vegetagamerbr34,0.6944462412250142,7/7
