Player ID,Player Name,pScore,Maps Played
10072733,myucchii,1.5450948843139505,11/11
10344857,Naaaad,1.1231596987327777,18/18
8880797,Naito Mare,1.1223563331918405,11/11
903155,Transcendence,0.9119048904725611,18/18
11517895,LivelyPeninsula,0.684260627696084,7/7
3760209,Tosai_,0.6216136181944967,7/7
