Player ID,Player Name,pScore,Maps Played
13390529,-Aishiteru-,1.2588576416308592,12/12
10072733,myucchii,1.2584892798924239,11/12
2288363,SillyFangirl,1.1425970966177883,23/23
9530019,Lothus,0.9284803862610385,10/10
5691061,Amerom,0.7834534399671421,23/23
5156656,Yonk_,0.5427370398913473,10/10
