Player ID,Player Name,pScore,Maps Played
10562610,Cicala,1.4032190102505815,20/20
11313227,Quotient,1.3153840677493611,7/7
5390121,Piggy,1.1856901718022554,8/9
13235067,MegMewtwoZ,1.1137973991766172,7/7
9261099,Eggnog,1.095565180876603,9/9
11144363,-[Ulazis]-,1.078853076675674,11/11
10395139,Ricizus,0.9045666353919434,7/7
6738624,[Crz]Renjie Lan,0.8139100941050313,20/20
6187838,Misolato,0.7068275618930502,7/7
11931583,ATH_1gr,0.7042339469616131,11/11
6363008,arpia97,0.5139502913270766,1/9
