Player ID,Player Name,pScore,Maps Played
11313227,Quotient,1.2452407780974604,11/11
5390121,Piggy,1.1087783599172862,17/17
13235067,MegMewtwoZ,0.9367404565607942,11/11
10395139,Ricizus,0.9215106757416939,6/6
9261099,Eggnog,0.9168187678555128,17/17
6187838,Misolato,0.8392813168806673,6/6
