Player ID,Player Name,pScore,Maps Played
7727987,Neokje,236.81875129746467,6/6
7418493,Kibitz,0.27630162043199996,6/6
