Player ID,Player Name,pScore,Maps Played
7727987,Neokje,1.7935497752040703,10/10
14931745,[LS]Icetify,1.1651494467059804,10/10
12054898,[MY]Sol,1.1056058915015214,7/7
14892447,JayLye,0.9042613659908261,7/7
11787977,[MY]NoLimit,0.65035317796894,5/5
26791825,Gb4n1223,0.02335880979535287,4/5
