Player ID,Player Name,pScore,Maps Played
10072733,myucchii,6.093667146077062,8/10
11734610,Nepijin,5.158807715538707,15/19
12489832,spanner dude,1.0583393013533389,6/9
10055204,Zoobin4,0.582173994046946,3/9
4477497,cheewee10,0.4711986707267771,2/10
8581031,Poca,0.295570585536383,5/19
