Player ID,Player Name,pScore,Maps Played
12046267,--Pavin--,2.1379638951901025,9/9
28098890,parponger,1.6267744713981567,16/16
17699745,_Kiruru,1.4671670814151403,9/9
13349388,Achino,0.6968492971953372,13/13
10728432,Kaify,0.616877753851193,8/8
15269436,Lemoncoin,0.21957209553987123,5/5
