Player ID,Player Name,pScore,Maps Played
12046267,--Pavin--,1.480826329510072,12/12
28098890,parponger,0.9977180963629025,20/20
17699745,_Kiruru,0.5101054813801337,7/8
