Player ID,Player Name,pScore,Maps Played
12046267,--Pavin--,1.9526266446329543,10/10
28098890,parponger,1.5921517108697247,10/10
17699745,_Kiruru,1.504852934352698,8/8
15269436,Lemoncoin,1.347294748104777,9/9
13349388,Achino,1.0070524353410157,8/8
20179559,panny,0.9077263043259399,11/11
17303433,pboo2424,0.8302060806894982,11/11
10279743,shko,0.6969721763294425,13/13
11959687,Freshky,0.6770670181315389,14/14
23509758,[GS]Thanachot,0.5765307870571801,8/8
