Player ID,Player Name,pScore,Maps Played
32151196,[LS]Astal,1.8301180458995507,8/8
25159471,senkhyu,1.6958582257769825,18/18
32954144,Nyagato Yuki,1.5955308732515938,10/10
13377652,Shoira,1.1585385712124163,8/8
20656485,antony88fayah,0.8472887478810815,18/18
18160033,[GB]TakinaQwQ,0.7338471119688665,2/10
29546640,Kirchhoff123,0.526378085053804,4/10
23892945,Mikufangirl,0.4199319437617758,4/10
15270411,[LS]Mari,5.028648708860336e-05,1/8
24227505,_Squiddy_,5.5472918312027415e-06,1/8
