Player ID,Player Name,pScore,Maps Played
2288363,SillyFangirl,1.3277603982429762,20/20
10879600,HowToPlayLN,0.9322184247003454,18/18
11888159,BaniiYanii,0.775311120624955,9/9
12028216,mashu,0.7693799527203827,7/7
