Player ID,Player Name,pScore,Maps Played
10072733,myucchii,1.2449667748098738,27/27
2288363,SillyFangirl,0.9584857660886759,8/8
10083439,bojii,0.8069761998871477,19/19
