Player ID,Player Name,pScore,Maps Played
13390529,-Aishiteru-,1.251979662147029,1/1
11313227,Quotient,1.0446132478551324,2/2
18271627,grillroasted,0.905645493666098,3/3
