Player ID,Player Name,pScore,Maps Played
12562107,CPT_Sivelia,1.3072350257173073,9/9
13821222,Lott,0.8154821812722032,9/9
