Player ID,Player Name,pScore,Maps Played
26634482,lisachandra,1.416936755807157,7/7
34454156,MightyTech,1.2739379501761725,16/16
21900872,[LS]Robi,0.9740145683878306,7/7
20040064,[LS] akarii,0.9384418092075081,17/17
8029883,DAENGXicisae-,0.6253692208917743,6/6
22842079,SnakesYxle,0.28892744560098643,4/5
