Player ID,Player Name,pScore,Maps Played
26634482,lisachandra,1.1988584737974182,8/8
21900872,[LS]Robi,1.055699610948186,16/16
34454156,MightyTech,0.7854974029219165,9/8
