Player ID,Player Name,pScore,Maps Played
17957861,[ Heez ],1.2914115238006685,13/13
8911771,Ascelice,1.1175051365658832,12/12
24002479,NotImposible,0.9418548237192949,12/12
21243737,ULHQ,0.741478164570318,7/7
25806849,Darrel27,0.6652153752967385,6/6
