Player ID,Player Name,pScore,Maps Played
8911771,Ascelice,1.746069805661877,31/31
24002479,NotImposible,0.8607627970640015,21/21
17957861,[ Heez ],0.8370213683632025,9/10
