Player ID,Player Name,pScore,Maps Played
17957861,[ Heez ],2.37896146401902,14/14
19030920,Hookseye,1.3032043735779948,6/6
8346342,tentrempm,1.1021366434744724,6/6
11829623,[ -Asriel- ],1.070973688440553,16/16
10069307,Fyl,0.7671733282433228,8/8
13217193,Aimaina,0.7204022094389653,11/11
10171556,ilham113,0.7164367286435926,5/5
