Player ID,Player Name,pScore,Maps Played
18121419,lyvet,2.2552049651128656,7/7
24776314,Plana_,1.2479200701659903,21/21
12584420,Vulpsi,0.9654872982873368,10/10
15772814,Unitori-,0.9647494055543824,20/20
18560307,Silicosis 2,0.5608835864939646,7/7
17802217,- O R E O,0.5051021165248595,9/9
