Player ID,Player Name,pScore,Maps Played
26233321,[LS]Vixile,3.208393891166271,21/21
22725724,magnifestio,1.6832322893260274,11/11
14009758,TriDoanGaming,1.1359629001999287,11/11
18043326,Joki_,1.0922985231383795,21/21
22644374,SturpdaFuro,0.826543158574706,9/9
16055641,Rxizuna,0.5492307675263455,9/9
